{
  "centroids": {
    "Operational": [
      0.15127640845070423,
      0.04583333333333332
    ],
    "Maintenance": [
      0.9735915492957746,
      0.7
    ],
    "Degraded": [
      0.08494718309859156,
      0.95
    ]
  },
  "temp_bounds": [
    42.0,
    610.0
  ],
  "vib_bounds": [
    0.8,
    6.8
  ]
}